#pos.x,pos.y,pos.z,vel.x,vel.y,vel.z,acc.x,acc.y,acc.z,rot.x,rot.y,rot.z,w.x,w.y,w.z
#[m],[m],[m],[m/s],[m/s],[m/s],[m/s^2],[m/s^2],[m/s^2],[deg],[deg],[deg],[deg/s],[deg/s],[deg/s]
0,0,0,0,0,0,-0.000125334,-0.002759133,0.001691532,0,0,0,-0.149204217,-0.018900118,0.23695407
0,0,0,0,0,0,0.003318738,-0.007102015,0.015615352,0,0,0,0.188520627,0.154808478,0.189125681
0,0,0,0,0,0,0.031904555,-0.094655112,-0.066715154,0,0,0,3.234041658,1.870147185,-0.764578989
0,0,0,0,0,0,-0.077034195,-0.103770351,-0.107972896,0,0,0,10.59441405,3.382187242,-3.361003582
0,0,0,0,0,0,-0.007673442,0.04388152,0.050722246,0,0,0,6.723067678,4.465287732,-7.366932094
0,0,0,0,0,0,0.201558453,-0.089246217,-0.09704437,0,0,0,-10.93102059,-7.593898067,1.044307328
0,0,0,0,0,0,0.033580841,-0.039569096,-0.020402935,0,0,0,3.831920541,-4.774438508,0.692410394
0,0,0,0,0,0,-0.053271576,0.157136679,0.182198684,0,0,0,-1.032786958,0.540688542,2.047479408
0,0,0,0,0,0,0.017123199,0.033370125,0.036535308,0,0,0,-10.06533749,3.046933162,2.644121805
0,0,0,0,0,0,-0.001156153,-0.044832519,0.0577959,0,0,0,-5.634498564,1.423640505,3.262265165
0,0,0,0,0,0,-0.060952507,0.05885702,0.073326435,0,0,0,-3.684794511,-2.776467946,4.816142357
0,0,0,0,0,0,-0.011889536,0.011364127,0.051200509,0,0,0,-5.104527798,-2.072574929,5.517611484
0,0,0,0,0,0,-0.015511303,-0.086048181,-0.078413145,0,0,0,-5.715639902,-0.344475454,4.019043309
0,0,0,0,0,0,0.019821886,0.090424037,-0.019291557,0,0,0,-0.575310453,2.284938053,4.006257535
0,0,0,0,0,0,-0.020316665,0.012178254,-0.08738261,0,0,0,0.250144466,1.558778836,5.362750099
0,0,0,0,0,0,-0.042630883,-0.023496654,0.011638452,0,0,0,1.006203274,1.153578368,2.155964643
0,0,0,0,0,0,-0.016925565,-0.005954583,0.002708206,0,0,0,2.783778706,-0.281977361,-5.474232811
0,0,0,0,0,0,-0.013878959,0.029550228,0.004732801,0,0,0,2.295165432,-1.307947483,-5.154732141
0,0,0,0,0,0,-0.007265469,0.044853325,0.021022982,0,0,0,0.490662394,-1.605874135,-5.014248345
0,0,0,0,0,0,0.015421155,-0.003748989,0.030129128,0,0,0,1.45765659,-0.873417546,-4.560986343
0,0,0,0,0,0,0.033857591,-0.012546959,-0.065590301,0,0,0,3.222934361,1.615774745,-1.434686659
0,0,0,0,0,0,0.011132032,0.009488328,0.019764343,0,0,0,-0.164608794,-1.183929602,-1.414048685
0,0,0,0,0,0,-0.009290058,0.028891467,0.004842032,0,0,0,1.715764007,1.462857354,0.093447995
0,0,0,0,0,0,0.004581367,0.003476449,-0.000705674,0,0,0,1.058279289,1.385773461,1.501297113
0,0,0,0,0,0,-0.032601229,-0.009200049,0.015903615,0,0,0,-1.403969353,0.642427703,-0.170087111
0,0,0,0,0,0,-0.021050674,-0.005772105,0.035844768,0,0,0,-2.195889342,-0.238108038,-0.639914908
0,0,0,0,0,0,0.030442202,-0.025888594,-0.03734837,0,0,0,-0.944048185,-0.721760224,-0.556328261
0,0,0,0,0,0,0.007472439,0.009507756,-0.017320396,0,0,0,2.086587717,0.917925193,1.672252733
0,0,0,0,0,0,-0.016377656,0.009723911,0.028204535,0,0,0,2.723872482,0.832887847,2.290586974
0,0,0,0,0,0,0.011068138,-0.005602212,-0.040085028,0,0,0,2.946830166,1.294035018,1.919360259
0,0,0,0,0,0,-0.000729736,0.006232602,-0.026527222,0,0,0,3.071019405,0.638965657,0.655208204
0,0,0,0,0,0,-0.037968073,0.016060147,-0.053453568,0,0,0,2.26872723,-0.501117535,-0.245066287
0,0,0,0,0,0,0.010037035,0.013588183,-0.015605544,0,0,0,2.031077171,-0.509481854,-1.839016461
0,0,0,0,0,0,-0.02005676,-0.019372496,0.061698437,0,0,0,-0.011035992,-0.507212163,-4.435615969
0,0,0,0,0,0,-0.018051084,-0.017435246,0.055528594,0,0,0,-0.009932393,-0.456490947,-3.992054372
0,0,0,0,0,0,0.018816074,0.004922733,0.004021462,0,0,0,-0.659034257,-0.95063685,-1.893639461
0,0,0,0,0,0,-0.008629692,-0.004086369,-0.047348843,0,0,0,1.266037,-0.018034919,-1.801065275
0,0,0,0,0,0,0.028244469,0.005387994,-0.010750984,0,0,0,1.865485418,-0.385393864,-1.663243033
0,0,0,0,0,0,-0.001209457,0.035536651,0.018211631,0,0,0,0.187487628,-0.433691961,-1.510325942
0,0,0,0,0,0,0.00583739,0.010847843,-0.014334048,0,0,0,-0.610220175,0.436644409,-0.201528991
0,0,0,0,0,0,-0.002449248,-0.012598404,0.029605461,0,0,0,-0.643770571,0.32996607,0.138282792
0,0,0,0,0,0,0.00537648,-0.004743217,-0.007425598,0,0,0,-1.067725443,0.050173622,0.330822451
0,0,0,0,0,0,0.008052992,-0.015817157,-0.010837189,0,0,0,-0.781657216,0.127713749,0.677731546
0,0,0,0,0,0,-0.000672653,-0.043969475,-0.042056529,0,0,0,-0.976998627,-0.023925407,1.022591136
0,0,0,0,0,0,0.010861181,-0.019568463,-0.019139278,0,0,0,0.792580622,0.525326701,1.438881745
0,0,0,0,0,0,-0.004256597,0.00297771,0.006212676,0,0,0,0.312911005,0.892388213,1.102857904
0,0,0,0,0,0,-0.00238286,0.006273507,0.005773315,0,0,0,0.212882158,0.916543469,1.00102897
0,0,0,0,0,0,-0.008711913,0.007819856,0.008814427,0,0,0,0.154569409,0.771518104,0.943932285
0,0,0,0,0,0,-0.020047187,0.011766177,0.060764794,0,0,0,0.831749688,-1.49601125,1.039973039
0,0,0,0,0,0,-0.031374589,-0.00540505,0.006129623,0,0,0,1.523975692,-1.313614021,0.325844438
0,0,0,0,0,0,0.006168974,0.006633398,-0.002843495,0,0,0,-0.221095579,-1.619585574,-1.278426263
0,0,0,0,0,0,0.031905387,0.065155806,-0.043438532,0,0,0,-2.97154598,1.032143893,-1.771801667
0,0,0,0,0,0,-0.005202596,0.006005413,-0.018020676,0,0,0,-5.701688377,0.360360565,-2.06691634
0,0,0,0,0,0,-0.000362211,-0.008693637,-0.002506202,0,0,0,-4.739874239,-0.832047561,-1.2067778
0,0,0,0,0,0,0.006609398,-0.036215333,-0.012965878,0,0,0,-2.599989107,-1.470718061,-0.633709734
0,0,0,0,0,0,0.01321671,-0.013001864,0.036779579,0,0,0,0.605058707,0.384226341,0.453044076
0,0,0,0,0,0,0.000625951,-0.004674516,0.013581539,0,0,0,1.040207166,1.059067407,1.4907846
0,0,0,0,0,0,0.010141773,-0.015527271,-0.004011345,0,0,0,0.792626144,-0.023039096,1.226765076
0,0,0,0,0,0,0.019497871,0.007087746,0.007493314,0,0,0,1.569517174,0.099259365,2.053164509
0,0,0,0,0,0,-0.023798395,0.011809532,-0.010267633,0,0,0,1.199648611,1.043565988,1.901064378
0,0,0,0,0,0,0.024174483,-0.021487658,-0.022866182,0,0,0,1.822030787,0.793225473,1.371497635
0,0,0,0,0,0,-0.037555676,-0.000273389,-0.05810404,0,0,0,3.769872796,0.995093423,1.139311362
0,0,0,0,0,0,-0.012108829,0.022979226,0.03385994,0,0,0,0.11554401,-0.028327553,0.206044849
0,0,0,0,0,0,-0.009615277,0.004462096,0.021321483,0,0,0,-1.662307493,0.463146528,-0.632605857
0,0,0,0,0,0,-0.006224944,-0.021383226,0.022898965,0,0,0,-1.730393563,-0.918887443,-1.568646692
0,0,0,0,0,0,0.007019234,0.007379936,-0.000848645,0,0,0,-1.465360104,-0.644144948,-1.019002265
0,0,0,0,0,0,0.006419583,0.001995601,0.013603686,0,0,0,-0.287293797,-0.2456846,-0.494413884
0,0,0,0,0,0,0.003637839,0.003938625,-0.002976661,0,0,0,0.214916445,-0.524686368,-0.146455755
0,0,0,0,0,0,0.010846597,-0.004480535,-0.004855949,0,0,0,0.756579288,-0.108108782,-0.222463562
0,0,0,0,0,0,-0.004138126,-0.002659501,-0.003200599,0,0,0,1.617157315,-0.270921305,-0.970616257
0,0,0,0,0,0,0.000464753,-0.000392019,0.002976987,0,0,0,1.424862826,-0.264146258,-0.986639311
0,0,0,0,0,0,0.001865466,0.004012855,-0.002826442,0,0,0,1.250199233,0.165051968,-0.89055369
0,0,0,0,0,0,0.001447835,-0.003665026,0.002914279,0,0,0,1.101201026,0.281690704,-0.766227039
0,0,0,0,0,0,2.68E-05,0.00322632,0.039749252,0,0,0,-1.956907253,-0.754803872,-0.494580961
0,0,0,0,0,0,0.021837157,-0.003380224,-0.048872832,0,0,0,-2.28507757,0.55965764,0.619306668
0,0,0,0,0,0,0.003502235,-0.000419179,-0.010420092,0,0,0,-2.206008665,1.399706195,1.415746992
0,0,0,0,0,0,-0.004182327,-0.01067131,0.010481751,0,0,0,-0.923247179,0.611754686,1.653493271
0,0,0,0,0,0,0.018472546,0.016743352,-0.015494938,0,0,0,1.133285723,0.755348604,1.510936205
0,0,0,0,0,0,-0.003745503,-0.014609679,-0.011237135,0,0,0,1.298156808,-0.542924028,1.244437426
0,0,0,0,0,0,-0.012961108,0.005706207,0.021940372,0,0,0,0.864513068,-0.203161133,0.567925929
0,0,0,0,0,0,-0.003369625,0.000490413,0.00468298,0,0,0,-0.875202227,-0.749093479,-0.416594196
0,0,0,0,0,0,-0.001618527,0.013112804,-0.048680423,0,0,0,-3.304215773,-0.280991844,-0.024748702
0,0,0,0,0,0,0.016835974,-0.021391093,0.007360686,0,0,0,-0.003580986,-0.36448192,1.65728892
0,0,0,0,0,0,-0.026384521,-0.003082168,0.058023179,0,0,0,-0.160654501,-0.13930143,0.296719571
0,0,0,0,0,0,-0.0080917,-0.00068679,0.023243775,0,0,0,-1.139507344,-1.00055286,-1.333876679
0,0,0,0,0,0,0.008080538,0.020313557,-0.001535779,0,0,0,0.724651838,-0.138761645,0.93615655
0,0,0,0,0,0,0.014460431,-0.020213845,-0.005070778,0,0,0,0.730721979,0.787784721,1.48093047
0,0,0,0,0,0,-0.00792219,0.010391495,-0.023677549,0,0,0,0.91532609,0.575965449,0.436152744
0,0,0,0,0,0,0.002841289,-0.045919848,-0.047308281,0,0,0,2.124344651,0.483613284,-1.301102854
0,0,0,0,0,0,-0.001929728,-0.002141266,-0.002261611,0,0,0,3.247010711,1.22746351,-1.929428261
0,0,0,0,0,0,-0.006339127,0.004374913,0.000503285,0,0,0,2.930663364,1.349553484,-1.932385435
0,0,0,0,0,0,-0.006561798,0.012899964,0.034156512,0,0,0,3.49215212,-0.386583989,-0.53636524
0,0,0,0,0,0,-0.01120497,0.021925204,0.050726955,0,0,0,1.396853757,-0.80067684,-0.163894892
0,0,0,0,0,0,-0.012400582,0.019178081,0.018015624,0,0,0,-0.255526142,-1.055789466,0.009513681
0,0,0,0,0,0,0.024091434,0.036391666,-0.02440503,0,0,0,-3.034040436,0.130565499,-1.086085014
0,0,0,0,0,0,0.003050906,0.026655678,-0.021574952,0,0,0,-6.04624002,-0.462146722,-1.002743951
0,0,0,0,0,0,0.005557862,-0.010266188,-0.009404311,0,0,0,-5.47580441,-0.611367954,-0.88571054
0,0,0,0,0,0,0.009864161,-0.0244014,-0.00362708,0,0,0,-2.285765536,-0.754845846,-0.397501424
0,0,0,0,0,0,0.007493622,-0.033116101,-0.038214848,0,0,0,2.025668159,0.359955531,0.39702321
0,0,0,0,0,0,0.006804527,-0.000415206,0.020037081,0,0,0,0.206604056,-0.243887034,-0.286019041
0,0,0,0,0,0,0.005165215,0.021453665,0.006429655,0,0,0,0.542111405,0.881233808,0.37334064
0,0,0,0,0,0,-0.010811302,0.005686439,-0.017146694,0,0,0,-0.115785257,1.04341277,0.512414552
0,0,0,0,0,0,-0.002305209,0.004219501,-0.002766945,0,0,0,-0.493015891,0.70980816,0.785111975
0,0,0,0,0,0,-0.003874729,-0.001668671,-0.005450695,0,0,0,-0.525652997,0.648882754,0.807051738
0,0,0,0,0,0,-0.00110036,0.003762836,0.00093034,0,0,0,-0.457824101,0.559191135,0.758781705
0,0,0,0,0,0,-0.00311828,-0.001254227,0.004081856,0,0,0,-0.297822555,0.433709216,0.723847099
0,0,0,0,0,0,-0.002139832,-0.004549641,0.008985588,0,0,0,-0.003505685,-0.367323905,0.874279946
0,0,0,0,0,0,-0.002976839,-0.003034176,0.009819504,0,0,0,0.853050094,-0.358952926,1.220833103
0,0,0,0,0,0,-0.005713336,-0.011926856,-0.002049444,0,0,0,1.274692412,0.187035233,0.931829999
0,0,0,0,0,0,-0.001255249,-0.002730824,-0.002060779,0,0,0,1.500193821,0.289357585,0.728192195
0,0,0,0,0,0,5.84E-05,0.000435594,0.003051271,0,0,0,0.760360225,0.415068865,0.640521909
0,0,0,0,0,0,-0.000376295,0.001807091,0.004804968,0,0,0,0.612647182,0.411360004,0.566569008
0,0,0,0,0,0,0.000554369,0.002819349,0.004991039,0,0,0,0.504611919,0.381362303,0.490110686
0,0,0,0,0,0,-0.000363705,0.002864416,0.017664268,0,0,0,0.051418693,-0.234831047,0.470440786
0,0,0,0,0,0,-0.000677554,0.000942747,0.011228624,0,0,0,-0.597166239,-1.747608219,0.44087765
0,0,0,0,0,0,0.002758204,0.000388617,0.003569391,0,0,0,-0.531622634,-1.989657004,0.504666378
0,0,0,0,0,0,-0.002555009,0.002640284,-0.000978763,0,0,0,1.640704248,0.5149367,1.183087999
0,0,0,0,0,0,-0.009947537,-0.004406842,0.015498437,0,0,0,0.728408239,-0.90022517,0.74058249
0,0,0,0,0,0,-0.0117006,-0.002508473,0.021546189,0,0,0,-0.093070699,-1.526457193,-0.778876388
0,0,0,0,0,0,0.001761011,-0.005224032,0.008548696,0,0,0,0.055413549,-1.305898786,-1.321484853
0,0,0,0,0,0,0.002156401,-0.003155072,-0.010271416,0,0,0,0.356794225,-0.86276616,-1.116628024
0,0,0,0,0,0,0.016906234,0.001082677,-0.026842052,0,0,0,0.360614513,-0.480912076,-0.988567169
0,0,0,0,0,0,0.011155504,-0.00078559,-0.032021064,0,0,0,0.791536583,1.566607031,-0.734135222
0,0,0,0,0,0,0.003232999,-0.007325711,-0.034393338,0,0,0,0.101168738,-0.506820951,0.085234972
0,0,0,0,0,0,-0.004855033,0.002658897,-0.009138136,0,0,0,1.052658391,-0.373787632,1.041618238
0,0,0,0,0,0,0.000456229,0.00476459,0.006678412,0,0,0,0.93764654,-0.07723714,1.200031513
0,0,0,0,0,0,-0.00032842,0.002688651,0.006800954,0,0,0,0.778908472,0.041199209,1.110143023
0,0,0,0,0,0,-0.010760616,0.001288179,0.032330475,0,0,0,0.426272903,0.026559783,0.849019508
0,0,0,0,0,0,-0.009044738,0.004529603,0.033717921,0,0,0,-1.034321798,-0.926667555,-0.388180783
0,0,0,0,0,0,0.000489292,-0.00072643,0.008795786,0,0,0,-1.520136604,-1.109673713,-0.78262193
0,0,0,0,0,0,0.022929935,0.050207201,-0.013894015,0,0,0,-1.917560821,0.2162965,-0.752625702
0,0,0,0,0,0,-0.006648861,0.019400283,-0.002909155,0,0,0,-4.49671458,0.513655373,-0.418397667
0,0,0,0,0,0,0.007016535,-0.059061431,-0.046607923,0,0,0,-3.059756627,-0.466417455,0.173911301
0,0,0,0,0,0,-0.015286505,-0.020408082,-0.0172632,0,0,0,-0.899563488,0.030036267,-0.215272142
0,0,0,0,0,0,-0.004948512,-0.013436675,0.013192135,0,0,0,1.415010362,-0.70984838,0.262667522
0,0,0,0,0,0,-0.000770885,-0.008549818,0.018455942,0,0,0,2.316642017,-0.372008449,0.696010324
0,0,0,0,0,0,0.005192719,0.006630426,0.015619711,0,0,0,3.138372181,0.022597739,1.202249065
0,0,0,0,0,0,0.018158601,0.008544581,0.003373166,0,0,0,0.984910722,2.632011376,0.650208786
0,0,0,0,0,0,0.000628231,0.006041906,0.009602157,0,0,0,-0.300685876,1.956693155,0.219222575
0,0,0,0,0,0,-0.002565232,-0.001761478,8.66E-05,0,0,0,-0.834957798,1.41021897,-0.030055065
0,0,0,0,0,0,-0.003058619,-0.003406806,-0.000394925,0,0,0,-0.822932774,1.131412183,-0.077326605
0,0,0,0,0,0,-0.003065507,-0.002779563,0.004467731,0,0,0,-0.742856843,0.907764595,-0.034941457
0,0,0,0,0,0,0.001122046,-0.00012191,-0.003300043,0,0,0,-0.639539387,0.750828698,-0.003704695
0,0,0,0,0,0,-0.008331174,0.002646519,0.005783017,0,0,0,-0.458788002,0.546056832,0.061639189
0,0,0,0,0,0,-0.02350975,0.000358968,0.020122707,0,0,0,-0.031474009,-0.773209945,0.188773901
0,0,0,0,0,0,-0.024232473,0.012184235,-0.037288522,0,0,0,0.218108269,-0.88364149,-0.183538235
0,0,0,0,0,0,0.001799934,0.009479845,-0.009690691,0,0,0,-0.777530274,-1.085646622,-0.204116894
0,0,0,0,0,0,-0.000236406,-0.00176029,0.010429704,0,0,0,-1.053521389,-1.246309098,-0.178961114
0,0,0,0,0,0,-0.003623577,-0.002131442,0.051904853,0,0,0,-0.493406919,-3.244864972,-1.320118515
0,0,0,0,0,0,0.012558469,-0.015287964,0.043161459,0,0,0,-1.001960962,-2.227895954,-3.032371862
0,0,0,0,0,0,-0.002535874,0.006262241,-0.019814704,0,0,0,1.445889593,1.646399507,-4.482179264
0,0,0,0,0,0,-0.000216472,-0.026093474,-0.028924549,0,0,0,2.082322322,0.362412019,-4.405547386
0,0,0,0,0,0,0.036216352,0.022783586,0.013946,0,0,0,0.421006096,-0.362598937,-3.116522367
0,0,0,0,0,0,0.011503655,-0.001050281,-0.03159661,0,0,0,0.515349656,0.553225656,0.168127654
0,0,0,0,0,0,-0.008131228,0.027655148,-0.013546629,0,0,0,7.98E-05,0.096666476,1.212856714
0,0,0,0,0,0,0.004246622,-0.008092163,0.012603613,0,0,0,-0.986028617,-0.174440813,1.92895459
0,0,0,0,0,0,0.004313059,-0.012992233,0.003247632,0,0,0,-0.087840234,0.147243857,2.138739599
0,0,0,0,0,0,-0.027357824,-0.030182694,-0.013057226,0,0,0,0.920193644,0.751468589,1.613044818
0,0,0,0,0,0,-0.004233173,-0.002717263,0.006117513,0,0,0,1.140820159,-0.826678347,-0.103702567
0,0,0,0,0,0,0.00656164,0.002436262,0.000957023,0,0,0,-0.009484677,-0.15852786,-0.312333969
0,0,0,0,0,0,0.005503757,0.002935648,-0.002635133,0,0,0,-0.268017335,0.083906816,-0.311627763
0,0,0,0,0,0,-0.001440922,0.004331467,0.002144379,0,0,0,-0.282313865,0.129041852,-0.273039454
0,0,0,0,0,0,0.003728821,-0.001713932,-0.008232549,0,0,0,-0.132489375,0.386086732,-0.195664727
0,0,0,0,0,0,-0.030666954,0.009564108,-0.008470615,0,0,0,0.639607785,-0.369137445,0.223952338
0,0,0,0,0,0,0.032546571,0.013556176,0.042954946,0,0,0,1.795445504,-0.624707195,2.068305167
0,0,0,0,0,0,0.003979997,0.014166488,0.033202845,0,0,0,0.115633886,-0.273104784,2.778115449
0,0,0,0,0,0,0.006161017,-0.006025564,0.002867399,0,0,0,0.050751045,-0.140083592,1.406894166
0,0,0,0,0,0,0.002496677,0.017180039,-0.029014798,0,0,0,0.10812261,0.489161118,1.079638232
0,0,0,0,0,0,-0.00950176,-0.000526234,0.018389235,0,0,0,-0.484304838,0.114295046,0.520624844
0,0,0,0,0,0,-0.003904501,0.000680012,-0.012436552,0,0,0,-1.650670931,-0.382939643,-2.29951134
0,0,0,0,0,0,0.009543811,0.022300991,-0.037286882,0,0,0,-2.818951111,0.188858242,-1.4197745
0,0,0,0,0,0,-0.030002759,-0.021271326,-0.055645795,0,0,0,-1.58174055,-1.213239373,-0.173094314
0,0,0,0,0,0,-6.27E-05,-0.004237494,0.035904819,0,0,0,1.66509428,-0.947994167,2.165055151
0,0,0,0,0,0,-0.007717016,0.00095131,0.035533634,0,0,0,1.879865346,0.262904116,1.561339028
0,0,0,0,0,0,-0.000662268,0.013757016,0.008408073,0,0,0,-1.139776015,1.248445712,1.77942105
0,0,0,0,0,0,-0.006437376,-0.019653482,-0.027617301,0,0,0,-0.203523763,0.67873952,1.822027589
0,0,0,0,0,0,-0.004397015,-0.007513912,-0.00952014,0,0,0,0.804682336,-0.148292052,1.344350495
0,0,0,0,0,0,0.017187705,-0.022687375,-0.001569739,0,0,0,2.452919444,-0.268102199,0.358712157
0,0,0,0,0,0,0.01181426,0.001670701,0.022379076,0,0,0,3.734966824,1.495715521,-0.203649977
0,0,0,0,0,0,0.001885829,0.01115764,0.000776434,0,0,0,2.377690148,1.55411046,-0.646194771
0,0,0,0,0,0,-0.001371799,0.009835843,-0.010908224,0,0,0,1.74776017,1.019378435,-0.913042837
0,0,0,0,0,0,0.000310824,0.018726663,-0.033639318,0,0,0,-1.521761434,0.683123772,-1.114531446
0,0,0,0,0,0,-0.018623021,-0.011192384,-0.018412322,0,0,0,-0.575207955,0.109565751,-1.811636342
0,0,0,0,0,0,0.005417824,-0.008172912,-0.004933547,0,0,0,0.402253876,0.274914019,-2.065588316
0,0,0,0,0,0,0.005261511,-0.002096653,0.009085461,0,0,0,0.555040781,0.338488529,-1.998000398
0,0,0,0,0,0,0.001104313,0.001741723,-0.004231442,0,0,0,-0.308454109,0.440516618,-2.278694224
0,0,0,0,0,0,0.006327778,-0.016494374,-0.016292585,0,0,0,-0.381153631,0.208918681,-2.08980885
0,0,0,0,0,0,-0.011537533,-0.00572875,0.024678344,0,0,0,0.544106664,-0.528227727,-1.668736178
0,0,0,0,0,0,0.011055426,-0.018877662,-0.003703066,0,0,0,-1.224003579,-0.722510192,-2.435881169
0,0,0,0,0,0,0.010170324,-0.019373118,0.011642196,0,0,0,0.232620678,-0.874881547,-1.399050174
0,0,0,0,0,0,0.007308766,-0.003477903,0.034199286,0,0,0,-0.81247724,-1.299755171,-1.020496776
0,0,0,0,0,0,0.003884924,0.003909317,0.005412516,0,0,0,-1.537467077,-0.790768072,-0.208122672
0,0,0,0,0,0,0.015881209,0.029767255,-0.020233347,0,0,0,-4.381469931,1.730535607,1.004797043
0,0,0,0,0,0,-0.019670367,-0.016354601,-0.002984211,0,0,0,-3.89320059,1.207760067,1.180248084
0,0,0,0,0,0,0.013557774,-0.024363091,0.000902153,0,0,0,-0.644637787,0.08551686,1.482848781
0,0,0,0,0,0,0.000603784,-0.003806951,0.000952768,0,0,0,2.631059628,0.811371017,2.578753215
0,0,0,0,0,0,0.002312267,0.014112965,-0.002898212,0,0,0,2.566431975,0.946502564,2.825917271
0,0,0,0,0,0,0.001395318,0.028511994,0.000585925,0,0,0,1.658713916,0.622795241,2.909600274
0,0,0,0,0,0,0.002257526,0.001887079,-0.000241381,0,0,0,0.658295119,0.441965019,3.026322636
0,0,0,0,0,0,0.013230055,0.000230825,-0.003314948,0,0,0,0.533061343,0.050418584,2.357931305
0,0,0,0,0,0,0.013238075,-0.01506288,-0.004966018,0,0,0,0.423754313,0.525148664,1.523867104
0,0,0,0,0,0,-0.024825578,0.006055845,-0.029184233,0,0,0,0.097558509,0.053503712,1.124375155
0,0,0,0,0,0,-0.009630226,0.015416011,-0.011606601,0,0,0,-1.072075914,-1.189693328,0.366380363
0,0,0,0,0,0,-0.020151924,0.00724643,0.013965186,0,0,0,-0.383923496,-1.68142252,0.577466359
0,0,0,0,0,0,0.03769241,-0.007883289,0.00465001,0,0,0,-0.625535621,-1.066716963,-1.152314363
0,0,0,0,0,0,0.003992886,0.004294354,-0.001339837,0,0,0,-0.794823701,0.344631199,-1.685631044
0,0,0,0,0,0,-0.007030849,0.007204495,0.009576198,0,0,0,-0.493916061,1.123418644,-1.53810695
0,0,0,0,0,0,-0.002479696,0.011495537,-0.003987684,0,0,0,-0.348250357,1.152161907,-1.465513022
0,0,0,0,0,0,-0.003115831,0.002849224,0.000496941,0,0,0,-0.55155804,1.085727343,-1.440296992
0,0,0,0,0,0,-0.028399316,-0.022450667,-0.002366269,0,0,0,-0.375170096,-0.323293428,-0.957374216
0,0,0,0,0,0,0.003123069,-0.006191001,-0.001506703,0,0,0,2.194917771,-0.486554688,1.320026061
0,0,0,0,0,0,0.002055487,0.00385492,0.000270973,0,0,0,2.257389984,-0.416292981,1.40217789
0,0,0,0,0,0,0.002004454,0.002959396,0.000255714,0,0,0,2.077699604,-0.35094323,1.274903218
0,0,0,0,0,0,0.005534468,0.000986308,-0.003739397,0,0,0,1.849251596,-0.267118846,1.141534349
0,0,0,0,0,0,0.032107607,0.061652574,-0.052529399,0,0,0,-1.278350422,4.983455521,1.636790284
0,0,0,0,0,0,0.011799693,0.003744077,-0.012538678,0,0,0,-3.536689791,5.454502992,2.718228759
0,0,0,0,0,0,-0.010384107,-0.013464798,0.015829406,0,0,0,-3.633090619,4.966497442,2.796488825
0,0,0,0,0,0,-0.042763616,-0.007535285,0.071880194,0,0,0,-1.305470241,-0.345507337,0.803243498
0,0,0,0,0,0,0.016504507,-0.008647048,0.062731197,0,0,0,-3.185489416,-2.454872999,0.085921861
0,0,0,0,0,0,0.002818184,-0.00843424,-0.031725924,0,0,0,-3.757746606,-0.381260722,1.57017121
0,0,0,0,0,0,0.000573586,-0.01804038,-0.027943687,0,0,0,-3.133680685,0.365900622,1.558209814
0,0,0,0,0,0,-0.031896503,-0.045162046,-0.046553239,0,0,0,-0.484879348,-3.030330604,0.520813051
0,0,0,0,0,0,-0.006297689,-0.021823638,0.030718404,0,0,0,2.463794895,-3.154832921,-0.996625004
0,0,0,0,0,0,0.003795171,0.000217739,0.008490307,0,0,0,4.128355703,-1.143595091,-1.146181956
0,0,0,0,0,0,0.005512271,0.039575252,-0.018423786,0,0,0,1.87579276,-0.412452245,-2.070210192
0,0,0,0,0,0,-0.002785327,0.00778528,0.006596009,0,0,0,0.51044144,-0.385490858,-2.358688804
0,0,0,0,0,0,-0.001330227,-0.007746286,0.03505243,0,0,0,0.055118276,-0.952019581,-2.098171279
0,0,0,0,0,0,0.002660998,-0.00460638,0.018081272,0,0,0,0.828513923,-0.82319646,-1.340360127
0,0,0,0,0,0,-0.011412089,-0.002118751,0.004441529,0,0,0,0.888500909,-1.694645278,-1.191524615
0,0,0,0,0,0,-0.004420209,0.005827585,0.018365007,0,0,0,1.513275481,-1.717677381,-0.972127457
0,0,0,0,0,0,0.015224355,0.006457423,-0.015089336,0,0,0,0.610061148,-0.285837941,-1.172709526
0,0,0,0,0,0,0.00228374,-0.004970818,-0.000107511,0,0,0,-0.055610246,-0.173201238,-1.080757578
0,0,0,0,0,0,-0.00347633,-0.00885093,-0.024790139,0,0,0,1.160364228,-0.567070006,-1.022082241
0,0,0,0,0,0,0.003677406,-0.000755602,0.010266606,0,0,0,2.269128225,-1.148546316,-1.227414843
0,0,0,0,0,0,0.002584708,0.002709062,0.000840966,0,0,0,2.237806005,-0.622709058,-1.082912422
0,0,0,0,0,0,0.00394302,0.009120971,0.002172211,0,0,0,1.944617297,-0.280330545,-0.959099753
0,0,0,0,0,0,-0.022586974,0.006732465,-0.048777154,0,0,0,1.460559779,-0.182837817,-1.024540422
0,0,0,0,0,0,0.001832871,0.022097436,0.010647571,0,0,0,0.022461055,-0.525775277,-0.820088433
0,0,0,0,0,0,-0.000546793,0.000643465,0.009388973,0,0,0,-0.953767466,-0.65455608,-0.684038211
0,0,0,0,0,0,0.006288809,-0.005949496,0.01230283,0,0,0,0.283181851,-0.21457515,-0.398437549
0,0,0,0,0,0,-0.000469385,0.012201108,0.017956869,0,0,0,0.180711468,-0.206060752,0.461205678
0,0,0,0,0,0,0.00401718,0.00555581,0.011441483,0,0,0,-0.752092528,0.127758431,0.651206748
0,0,0,0,0,0,0.016303295,0.042015909,-0.006953425,0,0,0,-2.501708016,0.797512832,0.781418844
0,0,0,0,0,0,-0.0032382,-0.008702691,-0.051444575,0,0,0,-3.58132642,0.534907798,1.020048136
0,0,0,0,0,0,-0.01743038,-0.009979844,0.022313099,0,0,0,-1.641452112,-0.819134151,1.035665828
0,0,0,0,0,0,0.008179407,0.025611614,-0.00985406,0,0,0,-0.132460364,-0.107545849,0.102244364
0,0,0,0,0,0,-0.012090774,0.013773913,0.027941176,0,0,0,0.052758955,0.533399285,0.47536307
0,0,0,0,0,0,0.011875893,-0.001371678,0.010747209,0,0,0,-0.775822915,0.169579257,0.010295229
0,0,0,0,0,0,-0.004157456,-0.017575584,0.013282184,0,0,0,-1.23004286,-0.365309597,-0.637683859
0,0,0,0,0,0,0.026023494,-0.031666851,-0.012443497,0,0,0,-0.387947893,0.471941341,-1.001811814
